"emp_no","last_name","first_name","dept_name"
110022,"Markovitch","Margareta","Development"
110039,"Minakawa","Vishwani","Development"
110085,"Alpin","Ebru","Development"
110114,"Legleitner","Isamu","Development"
110183,"Ossenbruggen","Shirish","Development"
110228,"Sigstam","Karsten","Development"
110303,"Wegerle","Krassimir","Development"
110344,"Cools","Rosine","Development"
110386,"Kieras","Shem","Development"
110420,"Ghazalie","Oscar","Development"
110511,"Hagimont","DeForest","Development"
110567,"DasSarma","Leon","Development"
110725,"Onuegbe","Peternela","Development"
110765,"Hofmeyr","Rutger","Development"
110800,"Quadeer","Sanjoy","Development"
110854,"Pesch","Dung","Development"
111035,"Kaelbling","Przemyslawa","Development"
111035,"Kaelbling","Przemyslawa","Sales"
111133,"Zhang","Hauke","Development"
111133,"Zhang","Hauke","Sales"
111400,"Staelin","Arie","Development"
111534,"Kambil","Hilary","Development"
111692,"Butterworth","Tonny","Development"
111784,"Giarratana","Marjo","Development"
111877,"Spinelli","Xiaobin","Development"
111939,"Weedman","Yuchang","Development"
